{"export_date":"2025-07-28T00:55:08.269611400+00:00","files":[{"name":".fabric/processedMods/fabric-api-base-0.4.42+6573ed8c19-4708e6672b62060f.jar","path":"C:/servermint/servers/fabric/.fabric/processedMods/fabric-api-base-0.4.42+6573ed8c19-4708e6672b62060f.jar"},{"name":".fabric/processedMods/fabric-api-lookup-api-v1-1.6.71+b559734419-4d3473ef66325610.jar","path":"C:/servermint/servers/fabric/.fabric/processedMods/fabric-api-lookup-api-v1-1.6.71+b559734419-4d3473ef66325610.jar"},{"name":".fabric/processedMods/fabric-biome-api-v1-13.0.31+d527f9fd19-dbcff2b9b6026da3.jar","path":"C:/servermint/servers/fabric/.fabric/processedMods/fabric-biome-api-v1-13.0.31+d527f9fd19-dbcff2b9b6026da3.jar"},{"name":".fabric/processedMods/fabric-block-api-v1-1.1.0+0bc3503219-5427010be35ce5ac.jar","path":"C:/servermint/servers/fabric/.fabric/processedMods/fabric-block-api-v1-1.1.0+0bc3503219-5427010be35ce5ac.jar"},{"name":".fabric/processedMods/fabric-block-view-api-v2-1.0.11+ebb2264e19-b97d9cbb212379da.jar","path":"C:/servermint/servers/fabric/.fabric/processedMods/fabric-block-view-api-v2-1.0.11+ebb2264e19-b97d9cbb212379da.jar"},{"name":".fabric/processedMods/fabric-command-api-v1-1.2.49+f71b366f19-7ce94a72d699b207.jar","path":"C:/servermint/servers/fabric/.fabric/processedMods/fabric-command-api-v1-1.2.49+f71b366f19-7ce94a72d699b207.jar"},{"name":".fabric/processedMods/fabric-command-api-v2-2.2.28+6ced4dd919-a057ee643a05a5dc.jar","path":"C:/servermint/servers/fabric/.fabric/processedMods/fabric-command-api-v2-2.2.28+6ced4dd919-a057ee643a05a5dc.jar"},{"name":".fabric/processedMods/fabric-commands-v0-0.2.66+df3654b319-844f11d71e9234df.jar","path":"C:/servermint/servers/fabric/.fabric/processedMods/fabric-commands-v0-0.2.66+df3654b319-844f11d71e9234df.jar"},{"name":".fabric/processedMods/fabric-content-registries-v0-8.0+b559734419-76a76bbf62b189fb.jar","path":"C:/servermint/servers/fabric/.fabric/processedMods/fabric-content-registries-v0-8.0+b559734419-76a76bbf62b189fb.jar"},{"name":".fabric/processedMods/fabric-convention-tags-v1-2.1.5+7f945d5b19-577db64ae5fc7907.jar","path":"C:/servermint/servers/fabric/.fabric/processedMods/fabric-convention-tags-v1-2.1.5+7f945d5b19-577db64ae5fc7907.jar"},{"name":".fabric/processedMods/fabric-convention-tags-v2-2.11.1+a406e79519-94114e96713283e4.jar","path":"C:/servermint/servers/fabric/.fabric/processedMods/fabric-convention-tags-v2-2.11.1+a406e79519-94114e96713283e4.jar"},{"name":".fabric/processedMods/fabric-crash-report-info-v1-0.2.+0af3f5a719-42c02ab819e9000a.jar","path":"C:/servermint/servers/fabric/.fabric/processedMods/fabric-crash-report-info-v1-0.2.+0af3f5a719-42c02ab819e9000a.jar"},{"name":".fabric/processedMods/fabric-data-attachment-api-v1-1.+6116a37819-878552f680834b06.jar","path":"C:/servermint/servers/fabric/.fabric/processedMods/fabric-data-attachment-api-v1-1.+6116a37819-878552f680834b06.jar"},{"name":".fabric/processedMods/fabric-data-generation-api-v1-20+5b9dea2e19-ca9edf2023d887b6.jar","path":"C:/servermint/servers/fabric/.fabric/processedMods/fabric-data-generation-api-v1-20+5b9dea2e19-ca9edf2023d887b6.jar"},{"name":".fabric/processedMods/fabric-dimensions-v1-4.0.0+6fc22b9919-fc246c2906b0cc98.jar","path":"C:/servermint/servers/fabric/.fabric/processedMods/fabric-dimensions-v1-4.0.0+6fc22b9919-fc246c2906b0cc98.jar"},{"name":".fabric/processedMods/fabric-entity-events-v1-1.8.0+2b27e0a419-cbab34588d62c1f5.jar","path":"C:/servermint/servers/fabric/.fabric/processedMods/fabric-entity-events-v1-1.8.0+2b27e0a419-cbab34588d62c1f5.jar"},{"name":".fabric/processedMods/fabric-events-interaction-v0-0.7+ba9dae0619-d45391664f5c6144.jar","path":"C:/servermint/servers/fabric/.fabric/processedMods/fabric-events-interaction-v0-0.7+ba9dae0619-d45391664f5c6144.jar"},{"name":".fabric/processedMods/fabric-game-rule-api-v1-1.0.53+6ced4dd919-920fb364014dcefd.jar","path":"C:/servermint/servers/fabric/.fabric/processedMods/fabric-game-rule-api-v1-1.0.53+6ced4dd919-920fb364014dcefd.jar"},{"name":".fabric/processedMods/fabric-item-api-v1-11.1.1+d5debaed19-b74b62102f3045e2.jar","path":"C:/servermint/servers/fabric/.fabric/processedMods/fabric-item-api-v1-11.1.1+d5debaed19-b74b62102f3045e2.jar"},{"name":".fabric/processedMods/fabric-item-group-api-v1-4.1.7+def88e3a19-32db9277c2008b21.jar","path":"C:/servermint/servers/fabric/.fabric/processedMods/fabric-item-group-api-v1-4.1.7+def88e3a19-32db9277c2008b21.jar"},{"name":".fabric/processedMods/fabric-lifecycle-events-v1-2.6.0+0865547519-7d7bd440ca01624a.jar","path":"C:/servermint/servers/fabric/.fabric/processedMods/fabric-lifecycle-events-v1-2.6.0+0865547519-7d7bd440ca01624a.jar"},{"name":".fabric/processedMods/fabric-loot-api-v2-3.0.15+3f89f5a519-579bd03a1c0a2518.jar","path":"C:/servermint/servers/fabric/.fabric/processedMods/fabric-loot-api-v2-3.0.15+3f89f5a519-579bd03a1c0a2518.jar"},{"name":".fabric/processedMods/fabric-loot-api-v3-1.0.3+3f89f5a519-1cd6c0577def3c1b.jar","path":"C:/servermint/servers/fabric/.fabric/processedMods/fabric-loot-api-v3-1.0.3+3f89f5a519-1cd6c0577def3c1b.jar"},{"name":".fabric/processedMods/fabric-message-api-v1-6.0.14+8aaf3aca19-f50aa60dc7aee5a5.jar","path":"C:/servermint/servers/fabric/.fabric/processedMods/fabric-message-api-v1-6.0.14+8aaf3aca19-f50aa60dc7aee5a5.jar"},{"name":".fabric/processedMods/fabric-networking-api-v1-4.3.0+c7469b2119-df8e8db51f775666.jar","path":"C:/servermint/servers/fabric/.fabric/processedMods/fabric-networking-api-v1-4.3.0+c7469b2119-df8e8db51f775666.jar"},{"name":".fabric/processedMods/fabric-object-builder-api-v1-15.+40875a9319-b45ae88cc82bad4f.jar","path":"C:/servermint/servers/fabric/.fabric/processedMods/fabric-object-builder-api-v1-15.+40875a9319-b45ae88cc82bad4f.jar"},{"name":".fabric/processedMods/fabric-particles-v1-4.0.2+6573ed8c19-975c686caa8cbd1a.jar","path":"C:/servermint/servers/fabric/.fabric/processedMods/fabric-particles-v1-4.0.2+6573ed8c19-975c686caa8cbd1a.jar"},{"name":".fabric/processedMods/fabric-recipe-api-v1-5.0.14+248df81c19-6970e49c95dee78c.jar","path":"C:/servermint/servers/fabric/.fabric/processedMods/fabric-recipe-api-v1-5.0.14+248df81c19-6970e49c95dee78c.jar"},{"name":".fabric/processedMods/fabric-registry-sync-v0-5.3.1+e3eddc2119-81744d6f7bf06ef0.jar","path":"C:/servermint/servers/fabric/.fabric/processedMods/fabric-registry-sync-v0-5.3.1+e3eddc2119-81744d6f7bf06ef0.jar"},{"name":".fabric/processedMods/fabric-rendering-data-attachment+73761d2e19-a9e875a7d6c04c16.jar","path":"C:/servermint/servers/fabric/.fabric/processedMods/fabric-rendering-data-attachment+73761d2e19-a9e875a7d6c04c16.jar"},{"name":".fabric/processedMods/fabric-rendering-fluids-v1-3.1.6+1daea21519-575a71c39d3a9a4f.jar","path":"C:/servermint/servers/fabric/.fabric/processedMods/fabric-rendering-fluids-v1-3.1.6+1daea21519-575a71c39d3a9a4f.jar"},{"name":".fabric/processedMods/fabric-resource-conditions-api-v+8dc279b119-7a0d686983678a12.jar","path":"C:/servermint/servers/fabric/.fabric/processedMods/fabric-resource-conditions-api-v+8dc279b119-7a0d686983678a12.jar"},{"name":".fabric/processedMods/fabric-resource-loader-v0-1.3.1+5b5275af19-1535ec95948515a7.jar","path":"C:/servermint/servers/fabric/.fabric/processedMods/fabric-resource-loader-v0-1.3.1+5b5275af19-1535ec95948515a7.jar"},{"name":".fabric/processedMods/fabric-screen-handler-api-v1-1.3+b559734419-43a67e5e11d69378.jar","path":"C:/servermint/servers/fabric/.fabric/processedMods/fabric-screen-handler-api-v1-1.3+b559734419-43a67e5e11d69378.jar"},{"name":".fabric/processedMods/fabric-transfer-api-v1-5.4.3+c24bd99419-86f4d044df41f8bb.jar","path":"C:/servermint/servers/fabric/.fabric/processedMods/fabric-transfer-api-v1-5.4.3+c24bd99419-86f4d044df41f8bb.jar"},{"name":".fabric/processedMods/fabric-transitive-access-widener+45b9699719-cebd3d164ea2ce40.jar","path":"C:/servermint/servers/fabric/.fabric/processedMods/fabric-transitive-access-widener+45b9699719-cebd3d164ea2ce40.jar"},{"name":".fabric/processedMods/mixinextras-0.4.1-215bdc40eef77b8f.jar","path":"C:/servermint/servers/fabric/.fabric/processedMods/mixinextras-0.4.1-215bdc40eef77b8f.jar"},{"name":".fabric/processedMods","path":"C:/servermint/servers/fabric/.fabric/processedMods"},{"name":".fabric/remappedJars/minecraft-1.21.1-0.16.14/server-intermediary.jar","path":"C:/servermint/servers/fabric/.fabric/remappedJars/minecraft-1.21.1-0.16.14/server-intermediary.jar"},{"name":".fabric/remappedJars/minecraft-1.21.1-0.16.14","path":"C:/servermint/servers/fabric/.fabric/remappedJars/minecraft-1.21.1-0.16.14"},{"name":".fabric/remappedJars","path":"C:/servermint/servers/fabric/.fabric/remappedJars"},{"name":".fabric/server/1.21.1-server.jar","path":"C:/servermint/servers/fabric/.fabric/server/1.21.1-server.jar"},{"name":".fabric/server/fabric-loader-server-0.16.14-minecraft-1.21.1.jar","path":"C:/servermint/servers/fabric/.fabric/server/fabric-loader-server-0.16.14-minecraft-1.21.1.jar"},{"name":".fabric/server","path":"C:/servermint/servers/fabric/.fabric/server"},{"name":".fabric","path":"C:/servermint/servers/fabric/.fabric"},{"name":"banned-ips.json","path":"C:/servermint/servers/fabric/banned-ips.json"},{"name":"banned-players.json","path":"C:/servermint/servers/fabric/banned-players.json"},{"name":"eula.txt","path":"C:/servermint/servers/fabric/eula.txt"},{"name":"libraries/com/github/oshi/oshi-core/6.4.10/oshi-core-6.4.10.jar","path":"C:/servermint/servers/fabric/libraries/com/github/oshi/oshi-core/6.4.10/oshi-core-6.4.10.jar"},{"name":"libraries/com/github/oshi/oshi-core/6.4.10","path":"C:/servermint/servers/fabric/libraries/com/github/oshi/oshi-core/6.4.10"},{"name":"libraries/com/github/oshi/oshi-core","path":"C:/servermint/servers/fabric/libraries/com/github/oshi/oshi-core"},{"name":"libraries/com/github/oshi","path":"C:/servermint/servers/fabric/libraries/com/github/oshi"},{"name":"libraries/com/github","path":"C:/servermint/servers/fabric/libraries/com/github"},{"name":"libraries/com/google/code/gson/gson/2.10.1/gson-2.10.1.jar","path":"C:/servermint/servers/fabric/libraries/com/google/code/gson/gson/2.10.1/gson-2.10.1.jar"},{"name":"libraries/com/google/code/gson/gson/2.10.1","path":"C:/servermint/servers/fabric/libraries/com/google/code/gson/gson/2.10.1"},{"name":"libraries/com/google/code/gson/gson","path":"C:/servermint/servers/fabric/libraries/com/google/code/gson/gson"},{"name":"libraries/com/google/code/gson","path":"C:/servermint/servers/fabric/libraries/com/google/code/gson"},{"name":"libraries/com/google/code","path":"C:/servermint/servers/fabric/libraries/com/google/code"},{"name":"libraries/com/google/guava/failureaccess/1.0.1/failureaccess-1.0.1.jar","path":"C:/servermint/servers/fabric/libraries/com/google/guava/failureaccess/1.0.1/failureaccess-1.0.1.jar"},{"name":"libraries/com/google/guava/failureaccess/1.0.1","path":"C:/servermint/servers/fabric/libraries/com/google/guava/failureaccess/1.0.1"},{"name":"libraries/com/google/guava/failureaccess","path":"C:/servermint/servers/fabric/libraries/com/google/guava/failureaccess"},{"name":"libraries/com/google/guava/guava/32.1.2-jre/guava-32.1.2-jre.jar","path":"C:/servermint/servers/fabric/libraries/com/google/guava/guava/32.1.2-jre/guava-32.1.2-jre.jar"},{"name":"libraries/com/google/guava/guava/32.1.2-jre","path":"C:/servermint/servers/fabric/libraries/com/google/guava/guava/32.1.2-jre"},{"name":"libraries/com/google/guava/guava","path":"C:/servermint/servers/fabric/libraries/com/google/guava/guava"},{"name":"libraries/com/google/guava","path":"C:/servermint/servers/fabric/libraries/com/google/guava"},{"name":"libraries/com/google","path":"C:/servermint/servers/fabric/libraries/com/google"},{"name":"libraries/com/mojang/authlib/6.0.54/authlib-6.0.54.jar","path":"C:/servermint/servers/fabric/libraries/com/mojang/authlib/6.0.54/authlib-6.0.54.jar"},{"name":"libraries/com/mojang/authlib/6.0.54","path":"C:/servermint/servers/fabric/libraries/com/mojang/authlib/6.0.54"},{"name":"libraries/com/mojang/authlib","path":"C:/servermint/servers/fabric/libraries/com/mojang/authlib"},{"name":"libraries/com/mojang/brigadier/1.3.10/brigadier-1.3.10.jar","path":"C:/servermint/servers/fabric/libraries/com/mojang/brigadier/1.3.10/brigadier-1.3.10.jar"},{"name":"libraries/com/mojang/brigadier/1.3.10","path":"C:/servermint/servers/fabric/libraries/com/mojang/brigadier/1.3.10"},{"name":"libraries/com/mojang/brigadier","path":"C:/servermint/servers/fabric/libraries/com/mojang/brigadier"},{"name":"libraries/com/mojang/datafixerupper/8.0.16/datafixerupper-8.0.16.jar","path":"C:/servermint/servers/fabric/libraries/com/mojang/datafixerupper/8.0.16/datafixerupper-8.0.16.jar"},{"name":"libraries/com/mojang/datafixerupper/8.0.16","path":"C:/servermint/servers/fabric/libraries/com/mojang/datafixerupper/8.0.16"},{"name":"libraries/com/mojang/datafixerupper","path":"C:/servermint/servers/fabric/libraries/com/mojang/datafixerupper"},{"name":"libraries/com/mojang/logging/1.2.7/logging-1.2.7.jar","path":"C:/servermint/servers/fabric/libraries/com/mojang/logging/1.2.7/logging-1.2.7.jar"},{"name":"libraries/com/mojang/logging/1.2.7","path":"C:/servermint/servers/fabric/libraries/com/mojang/logging/1.2.7"},{"name":"libraries/com/mojang/logging","path":"C:/servermint/servers/fabric/libraries/com/mojang/logging"},{"name":"libraries/com/mojang","path":"C:/servermint/servers/fabric/libraries/com/mojang"},{"name":"libraries/com","path":"C:/servermint/servers/fabric/libraries/com"},{"name":"libraries/commons-io/commons-io/2.15.1/commons-io-2.15.1.jar","path":"C:/servermint/servers/fabric/libraries/commons-io/commons-io/2.15.1/commons-io-2.15.1.jar"},{"name":"libraries/commons-io/commons-io/2.15.1","path":"C:/servermint/servers/fabric/libraries/commons-io/commons-io/2.15.1"},{"name":"libraries/commons-io/commons-io","path":"C:/servermint/servers/fabric/libraries/commons-io/commons-io"},{"name":"libraries/commons-io","path":"C:/servermint/servers/fabric/libraries/commons-io"},{"name":"libraries/io/netty/netty-buffer/4.1.97.Final/netty-buffer-4.1.97.Final.jar","path":"C:/servermint/servers/fabric/libraries/io/netty/netty-buffer/4.1.97.Final/netty-buffer-4.1.97.Final.jar"},{"name":"libraries/io/netty/netty-buffer/4.1.97.Final","path":"C:/servermint/servers/fabric/libraries/io/netty/netty-buffer/4.1.97.Final"},{"name":"libraries/io/netty/netty-buffer","path":"C:/servermint/servers/fabric/libraries/io/netty/netty-buffer"},{"name":"libraries/io/netty/netty-codec/4.1.97.Final/netty-codec-4.1.97.Final.jar","path":"C:/servermint/servers/fabric/libraries/io/netty/netty-codec/4.1.97.Final/netty-codec-4.1.97.Final.jar"},{"name":"libraries/io/netty/netty-codec/4.1.97.Final","path":"C:/servermint/servers/fabric/libraries/io/netty/netty-codec/4.1.97.Final"},{"name":"libraries/io/netty/netty-codec","path":"C:/servermint/servers/fabric/libraries/io/netty/netty-codec"},{"name":"libraries/io/netty/netty-common/4.1.97.Final/netty-common-4.1.97.Final.jar","path":"C:/servermint/servers/fabric/libraries/io/netty/netty-common/4.1.97.Final/netty-common-4.1.97.Final.jar"},{"name":"libraries/io/netty/netty-common/4.1.97.Final","path":"C:/servermint/servers/fabric/libraries/io/netty/netty-common/4.1.97.Final"},{"name":"libraries/io/netty/netty-common","path":"C:/servermint/servers/fabric/libraries/io/netty/netty-common"},{"name":"libraries/io/netty/netty-handler/4.1.97.Final/netty-handler-4.1.97.Final.jar","path":"C:/servermint/servers/fabric/libraries/io/netty/netty-handler/4.1.97.Final/netty-handler-4.1.97.Final.jar"},{"name":"libraries/io/netty/netty-handler/4.1.97.Final","path":"C:/servermint/servers/fabric/libraries/io/netty/netty-handler/4.1.97.Final"},{"name":"libraries/io/netty/netty-handler","path":"C:/servermint/servers/fabric/libraries/io/netty/netty-handler"},{"name":"libraries/io/netty/netty-resolver/4.1.97.Final/netty-resolver-4.1.97.Final.jar","path":"C:/servermint/servers/fabric/libraries/io/netty/netty-resolver/4.1.97.Final/netty-resolver-4.1.97.Final.jar"},{"name":"libraries/io/netty/netty-resolver/4.1.97.Final","path":"C:/servermint/servers/fabric/libraries/io/netty/netty-resolver/4.1.97.Final"},{"name":"libraries/io/netty/netty-resolver","path":"C:/servermint/servers/fabric/libraries/io/netty/netty-resolver"},{"name":"libraries/io/netty/netty-transport/4.1.97.Final/netty-transport-4.1.97.Final.jar","path":"C:/servermint/servers/fabric/libraries/io/netty/netty-transport/4.1.97.Final/netty-transport-4.1.97.Final.jar"},{"name":"libraries/io/netty/netty-transport/4.1.97.Final","path":"C:/servermint/servers/fabric/libraries/io/netty/netty-transport/4.1.97.Final"},{"name":"libraries/io/netty/netty-transport","path":"C:/servermint/servers/fabric/libraries/io/netty/netty-transport"},{"name":"libraries/io/netty/netty-transport-classes-epoll/4.1.97.Final/netty-transport-classes-epoll-4.1.97.Final.jar","path":"C:/servermint/servers/fabric/libraries/io/netty/netty-transport-classes-epoll/4.1.97.Final/netty-transport-classes-epoll-4.1.97.Final.jar"},{"name":"libraries/io/netty/netty-transport-classes-epoll/4.1.97.Final","path":"C:/servermint/servers/fabric/libraries/io/netty/netty-transport-classes-epoll/4.1.97.Final"},{"name":"libraries/io/netty/netty-transport-classes-epoll","path":"C:/servermint/servers/fabric/libraries/io/netty/netty-transport-classes-epoll"},{"name":"libraries/io/netty/netty-transport-native-epoll/4.1.97.Final/netty-transport-native-epoll-4.1.97.Final-linux-aarch_64.jar","path":"C:/servermint/servers/fabric/libraries/io/netty/netty-transport-native-epoll/4.1.97.Final/netty-transport-native-epoll-4.1.97.Final-linux-aarch_64.jar"},{"name":"libraries/io/netty/netty-transport-native-epoll/4.1.97.Final/netty-transport-native-epoll-4.1.97.Final-linux-x86_64.jar","path":"C:/servermint/servers/fabric/libraries/io/netty/netty-transport-native-epoll/4.1.97.Final/netty-transport-native-epoll-4.1.97.Final-linux-x86_64.jar"},{"name":"libraries/io/netty/netty-transport-native-epoll/4.1.97.Final","path":"C:/servermint/servers/fabric/libraries/io/netty/netty-transport-native-epoll/4.1.97.Final"},{"name":"libraries/io/netty/netty-transport-native-epoll","path":"C:/servermint/servers/fabric/libraries/io/netty/netty-transport-native-epoll"},{"name":"libraries/io/netty/netty-transport-native-unix-common/4.1.97.Final/netty-transport-native-unix-common-4.1.97.Final.jar","path":"C:/servermint/servers/fabric/libraries/io/netty/netty-transport-native-unix-common/4.1.97.Final/netty-transport-native-unix-common-4.1.97.Final.jar"},{"name":"libraries/io/netty/netty-transport-native-unix-common/4.1.97.Final","path":"C:/servermint/servers/fabric/libraries/io/netty/netty-transport-native-unix-common/4.1.97.Final"},{"name":"libraries/io/netty/netty-transport-native-unix-common","path":"C:/servermint/servers/fabric/libraries/io/netty/netty-transport-native-unix-common"},{"name":"libraries/io/netty","path":"C:/servermint/servers/fabric/libraries/io/netty"},{"name":"libraries/io","path":"C:/servermint/servers/fabric/libraries/io"},{"name":"libraries/it/unimi/dsi/fastutil/8.5.12/fastutil-8.5.12.jar","path":"C:/servermint/servers/fabric/libraries/it/unimi/dsi/fastutil/8.5.12/fastutil-8.5.12.jar"},{"name":"libraries/it/unimi/dsi/fastutil/8.5.12","path":"C:/servermint/servers/fabric/libraries/it/unimi/dsi/fastutil/8.5.12"},{"name":"libraries/it/unimi/dsi/fastutil","path":"C:/servermint/servers/fabric/libraries/it/unimi/dsi/fastutil"},{"name":"libraries/it/unimi/dsi","path":"C:/servermint/servers/fabric/libraries/it/unimi/dsi"},{"name":"libraries/it/unimi","path":"C:/servermint/servers/fabric/libraries/it/unimi"},{"name":"libraries/it","path":"C:/servermint/servers/fabric/libraries/it"},{"name":"libraries/net/fabricmc/fabric-loader/0.16.14/fabric-loader-0.16.14.jar","path":"C:/servermint/servers/fabric/libraries/net/fabricmc/fabric-loader/0.16.14/fabric-loader-0.16.14.jar"},{"name":"libraries/net/fabricmc/fabric-loader/0.16.14","path":"C:/servermint/servers/fabric/libraries/net/fabricmc/fabric-loader/0.16.14"},{"name":"libraries/net/fabricmc/fabric-loader","path":"C:/servermint/servers/fabric/libraries/net/fabricmc/fabric-loader"},{"name":"libraries/net/fabricmc/intermediary/1.21.1/intermediary-1.21.1.jar","path":"C:/servermint/servers/fabric/libraries/net/fabricmc/intermediary/1.21.1/intermediary-1.21.1.jar"},{"name":"libraries/net/fabricmc/intermediary/1.21.1","path":"C:/servermint/servers/fabric/libraries/net/fabricmc/intermediary/1.21.1"},{"name":"libraries/net/fabricmc/intermediary","path":"C:/servermint/servers/fabric/libraries/net/fabricmc/intermediary"},{"name":"libraries/net/fabricmc/sponge-mixin/0.15.5+mixin.0.8.7/sponge-mixin-0.15.5+mixin.0.8.7.jar","path":"C:/servermint/servers/fabric/libraries/net/fabricmc/sponge-mixin/0.15.5+mixin.0.8.7/sponge-mixin-0.15.5+mixin.0.8.7.jar"},{"name":"libraries/net/fabricmc/sponge-mixin/0.15.5+mixin.0.8.7","path":"C:/servermint/servers/fabric/libraries/net/fabricmc/sponge-mixin/0.15.5+mixin.0.8.7"},{"name":"libraries/net/fabricmc/sponge-mixin","path":"C:/servermint/servers/fabric/libraries/net/fabricmc/sponge-mixin"},{"name":"libraries/net/fabricmc","path":"C:/servermint/servers/fabric/libraries/net/fabricmc"},{"name":"libraries/net/java/dev/jna/jna/5.14.0/jna-5.14.0.jar","path":"C:/servermint/servers/fabric/libraries/net/java/dev/jna/jna/5.14.0/jna-5.14.0.jar"},{"name":"libraries/net/java/dev/jna/jna/5.14.0","path":"C:/servermint/servers/fabric/libraries/net/java/dev/jna/jna/5.14.0"},{"name":"libraries/net/java/dev/jna/jna","path":"C:/servermint/servers/fabric/libraries/net/java/dev/jna/jna"},{"name":"libraries/net/java/dev/jna/jna-platform/5.14.0/jna-platform-5.14.0.jar","path":"C:/servermint/servers/fabric/libraries/net/java/dev/jna/jna-platform/5.14.0/jna-platform-5.14.0.jar"},{"name":"libraries/net/java/dev/jna/jna-platform/5.14.0","path":"C:/servermint/servers/fabric/libraries/net/java/dev/jna/jna-platform/5.14.0"},{"name":"libraries/net/java/dev/jna/jna-platform","path":"C:/servermint/servers/fabric/libraries/net/java/dev/jna/jna-platform"},{"name":"libraries/net/java/dev/jna","path":"C:/servermint/servers/fabric/libraries/net/java/dev/jna"},{"name":"libraries/net/java/dev","path":"C:/servermint/servers/fabric/libraries/net/java/dev"},{"name":"libraries/net/java","path":"C:/servermint/servers/fabric/libraries/net/java"},{"name":"libraries/net/sf/jopt-simple/jopt-simple/5.0.4/jopt-simple-5.0.4.jar","path":"C:/servermint/servers/fabric/libraries/net/sf/jopt-simple/jopt-simple/5.0.4/jopt-simple-5.0.4.jar"},{"name":"libraries/net/sf/jopt-simple/jopt-simple/5.0.4","path":"C:/servermint/servers/fabric/libraries/net/sf/jopt-simple/jopt-simple/5.0.4"},{"name":"libraries/net/sf/jopt-simple/jopt-simple","path":"C:/servermint/servers/fabric/libraries/net/sf/jopt-simple/jopt-simple"},{"name":"libraries/net/sf/jopt-simple","path":"C:/servermint/servers/fabric/libraries/net/sf/jopt-simple"},{"name":"libraries/net/sf","path":"C:/servermint/servers/fabric/libraries/net/sf"},{"name":"libraries/net","path":"C:/servermint/servers/fabric/libraries/net"},{"name":"libraries/org/apache/commons/commons-lang3/3.14.0/commons-lang3-3.14.0.jar","path":"C:/servermint/servers/fabric/libraries/org/apache/commons/commons-lang3/3.14.0/commons-lang3-3.14.0.jar"},{"name":"libraries/org/apache/commons/commons-lang3/3.14.0","path":"C:/servermint/servers/fabric/libraries/org/apache/commons/commons-lang3/3.14.0"},{"name":"libraries/org/apache/commons/commons-lang3","path":"C:/servermint/servers/fabric/libraries/org/apache/commons/commons-lang3"},{"name":"libraries/org/apache/commons","path":"C:/servermint/servers/fabric/libraries/org/apache/commons"},{"name":"libraries/org/apache/logging/log4j/log4j-api/2.22.1/log4j-api-2.22.1.jar","path":"C:/servermint/servers/fabric/libraries/org/apache/logging/log4j/log4j-api/2.22.1/log4j-api-2.22.1.jar"},{"name":"libraries/org/apache/logging/log4j/log4j-api/2.22.1","path":"C:/servermint/servers/fabric/libraries/org/apache/logging/log4j/log4j-api/2.22.1"},{"name":"libraries/org/apache/logging/log4j/log4j-api","path":"C:/servermint/servers/fabric/libraries/org/apache/logging/log4j/log4j-api"},{"name":"libraries/org/apache/logging/log4j/log4j-core/2.22.1/log4j-core-2.22.1.jar","path":"C:/servermint/servers/fabric/libraries/org/apache/logging/log4j/log4j-core/2.22.1/log4j-core-2.22.1.jar"},{"name":"libraries/org/apache/logging/log4j/log4j-core/2.22.1","path":"C:/servermint/servers/fabric/libraries/org/apache/logging/log4j/log4j-core/2.22.1"},{"name":"libraries/org/apache/logging/log4j/log4j-core","path":"C:/servermint/servers/fabric/libraries/org/apache/logging/log4j/log4j-core"},{"name":"libraries/org/apache/logging/log4j/log4j-slf4j2-impl/2.22.1/log4j-slf4j2-impl-2.22.1.jar","path":"C:/servermint/servers/fabric/libraries/org/apache/logging/log4j/log4j-slf4j2-impl/2.22.1/log4j-slf4j2-impl-2.22.1.jar"},{"name":"libraries/org/apache/logging/log4j/log4j-slf4j2-impl/2.22.1","path":"C:/servermint/servers/fabric/libraries/org/apache/logging/log4j/log4j-slf4j2-impl/2.22.1"},{"name":"libraries/org/apache/logging/log4j/log4j-slf4j2-impl","path":"C:/servermint/servers/fabric/libraries/org/apache/logging/log4j/log4j-slf4j2-impl"},{"name":"libraries/org/apache/logging/log4j","path":"C:/servermint/servers/fabric/libraries/org/apache/logging/log4j"},{"name":"libraries/org/apache/logging","path":"C:/servermint/servers/fabric/libraries/org/apache/logging"},{"name":"libraries/org/apache","path":"C:/servermint/servers/fabric/libraries/org/apache"},{"name":"libraries/org/joml/joml/1.10.5/joml-1.10.5.jar","path":"C:/servermint/servers/fabric/libraries/org/joml/joml/1.10.5/joml-1.10.5.jar"},{"name":"libraries/org/joml/joml/1.10.5","path":"C:/servermint/servers/fabric/libraries/org/joml/joml/1.10.5"},{"name":"libraries/org/joml/joml","path":"C:/servermint/servers/fabric/libraries/org/joml/joml"},{"name":"libraries/org/joml","path":"C:/servermint/servers/fabric/libraries/org/joml"},{"name":"libraries/org/lz4/lz4-java/1.8.0/lz4-java-1.8.0.jar","path":"C:/servermint/servers/fabric/libraries/org/lz4/lz4-java/1.8.0/lz4-java-1.8.0.jar"},{"name":"libraries/org/lz4/lz4-java/1.8.0","path":"C:/servermint/servers/fabric/libraries/org/lz4/lz4-java/1.8.0"},{"name":"libraries/org/lz4/lz4-java","path":"C:/servermint/servers/fabric/libraries/org/lz4/lz4-java"},{"name":"libraries/org/lz4","path":"C:/servermint/servers/fabric/libraries/org/lz4"},{"name":"libraries/org/ow2/asm/asm/9.8/asm-9.8.jar","path":"C:/servermint/servers/fabric/libraries/org/ow2/asm/asm/9.8/asm-9.8.jar"},{"name":"libraries/org/ow2/asm/asm/9.8","path":"C:/servermint/servers/fabric/libraries/org/ow2/asm/asm/9.8"},{"name":"libraries/org/ow2/asm/asm","path":"C:/servermint/servers/fabric/libraries/org/ow2/asm/asm"},{"name":"libraries/org/ow2/asm/asm-analysis/9.8/asm-analysis-9.8.jar","path":"C:/servermint/servers/fabric/libraries/org/ow2/asm/asm-analysis/9.8/asm-analysis-9.8.jar"},{"name":"libraries/org/ow2/asm/asm-analysis/9.8","path":"C:/servermint/servers/fabric/libraries/org/ow2/asm/asm-analysis/9.8"},{"name":"libraries/org/ow2/asm/asm-analysis","path":"C:/servermint/servers/fabric/libraries/org/ow2/asm/asm-analysis"},{"name":"libraries/org/ow2/asm/asm-commons/9.8/asm-commons-9.8.jar","path":"C:/servermint/servers/fabric/libraries/org/ow2/asm/asm-commons/9.8/asm-commons-9.8.jar"},{"name":"libraries/org/ow2/asm/asm-commons/9.8","path":"C:/servermint/servers/fabric/libraries/org/ow2/asm/asm-commons/9.8"},{"name":"libraries/org/ow2/asm/asm-commons","path":"C:/servermint/servers/fabric/libraries/org/ow2/asm/asm-commons"},{"name":"libraries/org/ow2/asm/asm-tree/9.8/asm-tree-9.8.jar","path":"C:/servermint/servers/fabric/libraries/org/ow2/asm/asm-tree/9.8/asm-tree-9.8.jar"},{"name":"libraries/org/ow2/asm/asm-tree/9.8","path":"C:/servermint/servers/fabric/libraries/org/ow2/asm/asm-tree/9.8"},{"name":"libraries/org/ow2/asm/asm-tree","path":"C:/servermint/servers/fabric/libraries/org/ow2/asm/asm-tree"},{"name":"libraries/org/ow2/asm/asm-util/9.8/asm-util-9.8.jar","path":"C:/servermint/servers/fabric/libraries/org/ow2/asm/asm-util/9.8/asm-util-9.8.jar"},{"name":"libraries/org/ow2/asm/asm-util/9.8","path":"C:/servermint/servers/fabric/libraries/org/ow2/asm/asm-util/9.8"},{"name":"libraries/org/ow2/asm/asm-util","path":"C:/servermint/servers/fabric/libraries/org/ow2/asm/asm-util"},{"name":"libraries/org/ow2/asm","path":"C:/servermint/servers/fabric/libraries/org/ow2/asm"},{"name":"libraries/org/ow2","path":"C:/servermint/servers/fabric/libraries/org/ow2"},{"name":"libraries/org/slf4j/slf4j-api/2.0.9/slf4j-api-2.0.9.jar","path":"C:/servermint/servers/fabric/libraries/org/slf4j/slf4j-api/2.0.9/slf4j-api-2.0.9.jar"},{"name":"libraries/org/slf4j/slf4j-api/2.0.9","path":"C:/servermint/servers/fabric/libraries/org/slf4j/slf4j-api/2.0.9"},{"name":"libraries/org/slf4j/slf4j-api","path":"C:/servermint/servers/fabric/libraries/org/slf4j/slf4j-api"},{"name":"libraries/org/slf4j","path":"C:/servermint/servers/fabric/libraries/org/slf4j"},{"name":"libraries/org","path":"C:/servermint/servers/fabric/libraries/org"},{"name":"libraries","path":"C:/servermint/servers/fabric/libraries"},{"name":"logs/2025-07-26-1.log.gz","path":"C:/servermint/servers/fabric/logs/2025-07-26-1.log.gz"},{"name":"logs/2025-07-26-2.log.gz","path":"C:/servermint/servers/fabric/logs/2025-07-26-2.log.gz"},{"name":"logs/2025-07-26-3.log.gz","path":"C:/servermint/servers/fabric/logs/2025-07-26-3.log.gz"},{"name":"logs/2025-07-26-4.log.gz","path":"C:/servermint/servers/fabric/logs/2025-07-26-4.log.gz"},{"name":"logs/2025-07-26-5.log.gz","path":"C:/servermint/servers/fabric/logs/2025-07-26-5.log.gz"},{"name":"logs/2025-07-26-6.log.gz","path":"C:/servermint/servers/fabric/logs/2025-07-26-6.log.gz"},{"name":"logs/2025-07-26-7.log.gz","path":"C:/servermint/servers/fabric/logs/2025-07-26-7.log.gz"},{"name":"logs/latest.log","path":"C:/servermint/servers/fabric/logs/latest.log"},{"name":"logs","path":"C:/servermint/servers/fabric/logs"},{"name":"mods/Fabric_API-0.116.4+1.21.1.jar","path":"C:/servermint/servers/fabric/mods/Fabric_API-0.116.4+1.21.1.jar"},{"name":"mods","path":"C:/servermint/servers/fabric/mods"},{"name":"ops.json","path":"C:/servermint/servers/fabric/ops.json"},{"name":"server.jar","path":"C:/servermint/servers/fabric/server.jar"},{"name":"server.properties","path":"C:/servermint/servers/fabric/server.properties"},{"name":"start.bat","path":"C:/servermint/servers/fabric/start.bat"},{"name":"start.sh","path":"C:/servermint/servers/fabric/start.sh"},{"name":"usercache.json","path":"C:/servermint/servers/fabric/usercache.json"},{"name":"versions/1.21.1/server-1.21.1.jar","path":"C:/servermint/servers/fabric/versions/1.21.1/server-1.21.1.jar"},{"name":"versions/1.21.1","path":"C:/servermint/servers/fabric/versions/1.21.1"},{"name":"versions","path":"C:/servermint/servers/fabric/versions"},{"name":"whitelist.json","path":"C:/servermint/servers/fabric/whitelist.json"},{"name":"world/data/raids.dat","path":"C:/servermint/servers/fabric/world/data/raids.dat"},{"name":"world/data","path":"C:/servermint/servers/fabric/world/data"},{"name":"world/datapacks","path":"C:/servermint/servers/fabric/world/datapacks"},{"name":"world/DIM-1/data/raids.dat","path":"C:/servermint/servers/fabric/world/DIM-1/data/raids.dat"},{"name":"world/DIM-1/data","path":"C:/servermint/servers/fabric/world/DIM-1/data"},{"name":"world/DIM-1","path":"C:/servermint/servers/fabric/world/DIM-1"},{"name":"world/DIM1/data/raids_end.dat","path":"C:/servermint/servers/fabric/world/DIM1/data/raids_end.dat"},{"name":"world/DIM1/data","path":"C:/servermint/servers/fabric/world/DIM1/data"},{"name":"world/DIM1","path":"C:/servermint/servers/fabric/world/DIM1"},{"name":"world/entities/r.0.-1.mca","path":"C:/servermint/servers/fabric/world/entities/r.0.-1.mca"},{"name":"world/entities/r.0.0.mca","path":"C:/servermint/servers/fabric/world/entities/r.0.0.mca"},{"name":"world/entities","path":"C:/servermint/servers/fabric/world/entities"},{"name":"world/level.dat","path":"C:/servermint/servers/fabric/world/level.dat"},{"name":"world/level.dat_old","path":"C:/servermint/servers/fabric/world/level.dat_old"},{"name":"world/playerdata","path":"C:/servermint/servers/fabric/world/playerdata"},{"name":"world/poi/r.0.-1.mca","path":"C:/servermint/servers/fabric/world/poi/r.0.-1.mca"},{"name":"world/poi/r.0.0.mca","path":"C:/servermint/servers/fabric/world/poi/r.0.0.mca"},{"name":"world/poi","path":"C:/servermint/servers/fabric/world/poi"},{"name":"world/region/r.-1.-1.mca","path":"C:/servermint/servers/fabric/world/region/r.-1.-1.mca"},{"name":"world/region/r.-1.0.mca","path":"C:/servermint/servers/fabric/world/region/r.-1.0.mca"},{"name":"world/region/r.0.-1.mca","path":"C:/servermint/servers/fabric/world/region/r.0.-1.mca"},{"name":"world/region/r.0.0.mca","path":"C:/servermint/servers/fabric/world/region/r.0.0.mca"},{"name":"world/region","path":"C:/servermint/servers/fabric/world/region"},{"name":"world/session.lock","path":"C:/servermint/servers/fabric/world/session.lock"},{"name":"world","path":"C:/servermint/servers/fabric/world"}],"server_id":"server-1753511482690-u8xlqohbh","server_name":"Fabric"}